,full_text
0,студент отправил файл с домашкой и удалил. спрашиваю: где файл? в ответ: 
1,Август наступил. Коты наконец созрели. Время собирать урожай 
2,мой универ будто из фильма какого-то 
3,ВЕНТИ ЧТО С ТОБОЙ СДЕЛАЛ МОЙ УНИВЕР 
4,"ОНА ПОБЕДИЛА, ЭТО БЫЛО ЕЕ НЕ ПОСЛЕДНЕЕ ЛЕТО "
5,"Новости от коллеги, переехавшей в Сочи "
6,"Мой 5-ти ступенчатый план на жизнь:
1. Закончить универ
2. ?
3. ??
4. ???
5. Быть нереально успешным."
7,Господи как же мне нравятся коты  от Vanessa Stockard 
8,"рябина, которую я посадила в честь своей дочери: 
весна 2016/октябрь 2021 "
9,Платья на весну  /  весна 
10,НАЦИОНАЛЬНЫЙ УНИВЕР В ЧЕРНОВЦАХ ВЫГЛЯДИТ КАК- 
11,"тут ето, коты синхронизировались "
12,"Омоновцы жёстко задерживают айтишников и студентов потому что их бесят все, кто умнее их. Поэтому их так же бесят гуси и собаки."
13,осталось пережить девять раз месячные и снова лето 
14,"Октябрь
Все бренды: Хэллоуин!!!!
Икея: ну так вот, короче, Рождество..."
15,МОЯ ПОДРУГА ПЕРЕПУТАЛА ПОЕЗД И КОГДА ЕЕ РОДИТЕЛИ СЕЛИ НА ЭКСПРЕСС ДО ПИТЕРА ТО ОНА ПОЕХАЛА В КАЗАНЬ И СЕЙЧАС ОНА ТАМ СОВЕРШЕННО ОДНА 
16,"есть два стула 

                      кэн ю фил 

МАЙ ХАААРТ               май хартбит
               "
17,"ААААА 
Комментарий к новости о поезде деда мороза. "
18,на самом деле екатеринбург не существует тред 
19,"Март: Собянин мобилизует медиков
Апрель: Собянин мобилизует студентов мединститутов 
Май: Собянин мобилизует школьников которые планируют сдавать биологию"
20,"Твит, понятный только пенсионерам: 
Январь, февраль, март, апрель, май, июнь, июль "
21,"Твит, понятный только пенсионерам: 
Январь, февраль, март, апрель, май, июнь, июль "
22,"Февраль 2020    /    Февраль 2021

 "
23,"планы на жизнь

1. закончить школу
2. закончить универ
3.
4.
5. стать богатой и успешной"
24,"ездила я тут на машине в москву из спб и обратно, и такая гениальная штука мне в голову пришла, я даже не знаю "
25,"Прийти                         Уйти
в универ                   с универа
пораньше                  пораньше "
26,Луки…. В универ???…. Господи помилуй туда никто не ходит даже 
27,"1 класс
9 класс
Универ
Вчера  "
28,"как изменилась моя комната в общаге

сентябрь/март "
29,"все радующиеся        11-классники
что завтра зима "
30,я так в универ поступила 
31,"Я всегда подозревал, что коты это особый вид жидкости. "
32,москва сегодня решила что она сайлент хилл  
33,"В этот день 67 лет назад умер самый кровавый тиран в русской истории, погубивший миллионы наших сограждан - упырь и людоед Сталин. 
Годовщину смерти тирана отмечает Екатеринбург. "
34,"Мой 5-ти ступенчатый план на жизнь:
1. Закончить универ
2. ?
3. ??
4. ???
5. Быть нереально успешным."
35,я каждое лето в +30 
36,Зима выдалась богатой на события! 
37,узник азкабана изобрел ту самую настоящую осень файт ми 
38,"Я
ПОСТУПИЛА
В ШВЕЙЦАРСКИЙ
УНИВЕР!!!!!!!!!!! "
39,Москва 2021 в обработке СССР 
40,"– меня в детстве покусала собака, теперь очень из боюсь
– вообще-то не все собаки такие"
41,Коты Воители Славянская!AU 
42,"2018: МЫ ВЕНОМ

2021: Я СОБАКА ТЫ СОБАКА МЫ СОБАКИ"
43,"Осень: *начинается*

Правая ноздря: акак дышатб"
44,Екатеринбург вновь уверенно снял все вопросы о столице стрит-арта 
45,Екатеринбург. Это в минус 28. И это ещё не все 
46,"Сегодня в мой универ приехали школьники на экскурсию, и кто-то из толпы студентов крикнул НЕ ПОСТУПАЙТЕ, ОНО ВАС СОЖРЁТ.

(это была я)"
47,"Ковер вока, посвященный окончанию WWII [октябрь 1945] "
48,"Москва это типа когда строишь город в симсе, ставя рядом рандомные здания: "
49,никто абсолютно никто коты на рабочем созвоне: 
50,"универ: нужен плакат о вечности
я: аахахах вечность овечность сейчас всё будет "
51,"Екатеринбург!
Очень сильно  получилось. Уважение всем, кто не побоялся и вышел.
Вы достойные граждане России.
Жму руку каждому."
52,"студент гуманитарного направления рассказывает студенту из меда, как им тяжело сдавать сессию "
53,Казань не в Казахстане оло 
54,Свадьба Юлии и Алексея Навальных. Москва. Россия. Август  2000 г. 
55,"А прикиньте, прикол, если в России действительно есть люди, которые весь апрель сидели дома, а работодатель им платил за это полную заработную плату."
56,"Путин: Если семь лет быть президентом, с ума можно сойти (февраль 2004-го) "
57,"«Аэрофлот продавал билеты в закрытые страны на август, затем отменил рейсы по 87 направлениям и обменял билеты на «ваучеры». 
Оригинальный краудфандинг..."
58,"«Тоталитаризм, жара, июль»

Ещё в 2009 году «Фёдор Двинятин» предсказал результаты «голосования» по поправкам к Конституции "
59,"Начинаем февраль с ярких горизонтов!
Чистота в легких - чистота в жизни.
5 кристально чистых Возможностей на ZT PRO "
60,"Мои знакомые: фу, лето закончилось и наступила осень, опять эта атмосфера свитеров и пасмурной погоды, отвратительно.

Я: "
61,"Январь: так, вот сейчас отдохну немного, восстановлю силы и всё будет отлично!

Апрель: "
62,"Январь: так, вот сейчас отдохну немного, восстановлю силы и всё будет отлично!

Апрель: "
63,в смысле через 2 дня октябрь 
64,ура новый позор на весь универ  
65,"Президент Бразилии со своей собакой подписывает закон о наказании за жестокое обращение с животными. На церемонию были приглашены и другие собаки, в том числе пережившие насилие. "
66,Москвичи наслаждаются свободой на газоне у кремлёвской стены. Москва. Россия. 1999 г. Через пол года президентом станет Владимир Путин. 
67,"Счёт Сергея Есенина за сентябрь 1923 года: 14 порций пива, 2 порции содовой, одно мясо. "
68,"Екатеринбург — первый город России, решившийся отпраздновать смерть Сталина. «Это национальный праздник освобождения»

"
69,"наркотиков, выбегают из подъезда и тут их, собственно, и ловят. Менты, разумеется. 
Коты ни при делах."
70,пришла в универ дела нормально 
71,"Когда в прошлый раз мы слышали от российского государства ""состояние Навального удовлетворительное"" (лето 2019, отравление в спецприемнике), то он выглядел так "
72, Москва объявила о высылке российского дипломата
73,"Не понимаю в какой момент ""литература на лето"" превратилась в марафон ""посмотри как можно больше аниме или ты умрешь"""
74,"Студент на паре сказал, что нашёл мой твиттер.

И вот что я хотел бы сказать: Тимур, чтоб к вечеру домашка была у меня на столе. "
75,"Непонятно, правда, почему тви предложил ему меня, если батя в тви только новости и политику чекает "
76,Коротко о погоде в спб 
77,У нас в городе уже зима. 
78,осень началась и драрри опять в моей голове 
79,Скользкие собаки в Турцию залезли 
80,"Январь
Февраль
Март
Апрель
Май
Июнь
Июль
Август
Сентябрь
October 
Ноябрь
Декабрь"
81,"Январь
Февраль
Март
Апрель
Май
Июнь
Июль
Август
Сентябрь
October 
Ноябрь
Декабрь"
82,"У нас чувака в угол поставили 
Универ взрослая жизнь "
83,"я: да конечно я чекну всю эту мангу и аниме летом у меня же столько дел 

я все лето: "
84,"Середина января, идёт дождь. А при Медведеве порядок был: зима - снег, лето - солнце. А сейчас неразбериха. Просрали страну"
85,"Пора признать, что коты — это жидкость  "
86,спасибо господи за универ с лучшим смм 
87,"я нечаянно алиэкспресс и тут на меня напал тигр!

и коты "
88,"у бтс будет камбэк во втором квартале года, это апрель май или июнь :))))))))))) всем сдающим экзамены желаю крепких нервов"
89,"Я с собакой: здравствуйте!

Мужик из соседнего дома собакой: здравствуйте!

Я без собаки: 

Мужик из соседнего дома без собаки:"
90,"Мы все были не правы, коты - это не хлеп
Коты - это мука "
91,"Знайте, куда ходить в спб больше не стоит "
92,Какой прекрасный Новосибирск! Весь бульвар заполнен людьми 
93,ноябрь 2020/март 2021 
94,"Три ваших последних использованных смайлика, ваши вайбы на предстоящий октябрь, я начну, поехали:

"
95,"Осень очень хорошее время. Разбежались школьники по школам, рабочие по рабочим... "
96,"Женщина на костылях. Получает пенсию по инвалидности:
Ноябрь 8.764
Декабрь 8.431
Январь 8.260
Февраль 8.150
Спрашивает: «Что это?»
Что мне ей ответить?"
97,"Женщина на костылях. Получает пенсию по инвалидности:
Ноябрь 8.764
Декабрь 8.431
Январь 8.260
Февраль 8.150
Спрашивает: «Что это?»
Что мне ей ответить?"
98,"Ого! Сколько хороших людей вышли на митинг! Думаю, больше пяти тысяч. Екатеринбург, уважаю! "
99,"зима до                      зима после 
нового                        новогодних
года                            праздников "
100,"Я: Надо скорее вставать! Собакам уже не терпится пойти гулять!

Собаки: "
101,"А как насчёт фильма где отдельный постер есть даже у собаки, а у женщины только ноги? "
102,"У вас уже Август, а у меня ещё Июль! "
103,"А можно только такие новости, а не вот это вот все? "
104,"Не видела родных 1,5 года. Выбирают билет на самолёт Москва-Владивосток и обратно, цены под 100к.
Спасибо за поддержку туризма и доступное авиасообщение для россиян "
105,Сегодня я стал батей! Теперь можно строить свою идентичность вокруг собаки 
106,"У меня для вас две новости:
1) Саша Спилберг нашлась!
2) Саша Спилберг пропадала!"
107,"Мозг: скоро вот осень.

Мозг: пора серотонин с производства снимать.

Мозг: порадовались летом, пошутили, побалагурили, и хватит."
108,"Кто-то: почему ты не поздоровался? 

Я пытающийся отличить человека от собаки:  "
109,"Даю студенту задание, в котором нужно переделать предложение, первое слово прописано.
 
я: Do...?
студент *неуверенно*: Du hast...?"
110,"Казань. 
Фашист пролетел. "
111,"какой май тайм и фильтр мы представляли: 

какие они оказались на самом деле: "
112,"Представьте, а это ещё АВГУСТ не наступил"
113,через 4 дня январь.....
114,"Каждую осень я фотографирую каждый квадратный сантиметр с пожелтевшими листьями, никто меня не остановит "
115,а ведь завтра уже зима 
116,"Екатеринбург! Много задержанных. 
Идёт сбор денег для задержанных на еду, воду и средства гигиены. Номер карты 4276 1628 8788 2378
Надо поддержать. Участвую."
117,эстетика сейчас сентябрь и вы только скачали геншин 
118,"В смысле через 4 дня лето?!?!?!?!?!?!
4?!?!
ДНЯ?!?!?!
И?
НАСТУПИТ??????
ЛЕТО????????"
119,"решила по этой молодёжной моде тоже сделать видео-итог лета и поняла что мое лето состояло исключительно из путешествий и гей тусовок

буквально"
120,"Все правильно, Екатеринбург. Сердитого проклянут, а смирного - проглотнут. 
А сказки свои про вторую ветку метро пусть друг другу рассказывают."
121,В смысле половина лета прошла??? В СМЫСЛЕ ЧЕРЕЗ 2 НЕДЕЛИ АВГУСТ???
122,"я велосипед фотографировала, коты рядом стояли "
123,"если у уджина получилось создать собственную компанию за 10 минут, то могу ли я создать собственный универ и вступить туда на бюджет?"
124,"Надеюсь все видели,что МакКвин анонсирует на осень/зиму!!! 
Я не могу с их дизайнов!каждый раз такой источник вдохновения  "
125,Октябрь среди всех остальных месяцев буквально: 
126,"я конечно знаю, что ким намджун самый сексуальный на этой планете, но вы видели как выглядит февраль 2021 года?? "
127,"Ну, что Екатеринбург, поддержим? Это Игорь Пушкарёв, журналист Знака, повесил на свой Уазик. "
128,"сокращение всех джунов, которых взяли 2 месяца назад, в моем диджитал агентстве

холст, масло, март 2020 "
129,"- Москва принимает только рейсы через Белоруссию
- Так мы из Японии летим...
- Только. Через. Белоруссию."
130,"- Девушка, что это вы с газона вырываете? Воруете?
- Да, какахи своей собаки ворую. Если вам без них никак - могу вернуть на место"
131,"Новосибирск, вы невероятные! Шествие с коптера, посмотрите! "
132,Вы говорили коты бесполезные домашние питомцы? Ну не знаю я например использую своего как подставку под йогурт  
133,с днём дня одна студентка принесла в универ телевизор из дома чтобы презентовать работу..... 
134,"Я перед поступлением в универ: мне кажется за это время точно можно будет понять кем ты хочешь стать и определиться с профессией

Я на 4-ом курсе: "
135,"Никто: 
Рыжие коты: ну что, куры захотел? "
136,"Ким Тэхен:
- студент второго курса
- любит фотографировать и читать
- гей, и не скрывает этого, ведь всем слишком все равно на него "
137,"все сериаломаны начинали с ""ривердэйла"". чэйндж май майнд."
138,"ты: хочешь купить шорты на лето

шорты в женских отделах: "
139,Я строю свой универ в майнкрафте 
140,"Сегодня Маргарите Юдиной, которую в СПБ полицейский «Коля» ударил сапогом, 55 лет. С днем рождения! "
141,"Спрашиваю про Май литтл пони других 16-ти леток и чувство, что в этой жизни только я была брони, поэтому вопрос..

Ваш любимый перс МЛП?"
142,Живу на полную. Ношу смартфон без чехла.
143,"Почему три месяца лета ощущаются как три дня, а осень-зима как пять лет?"
144,"Почему три месяца лета ощущаются как три дня, а осень-зима как пять лет?"
145,"нужно отправить хозяйке квартиры фотки моей собаки, чтоб получить её одобрение 
что ж......открываем мою золотую коллекцию "
146,"Москва, еду напротив какого-то секси парня в носках «хоровод ментов» помогите найти "
147,"Тоже хочу тред запустить! Давайте ваша фотка и фотка породы собаки, о которой мечтаете или которая у вас уже есть "
148,"Москва «зажгла» Тверскую! Посмотрите, какая красота! "
149,"универ выложил пост пустых аудиторий и коридоров со словами ""скучаете по универу?"" и мне неиронично захотелось заплакать "
150,Евгений Ройзман провожает покидающее Екатеринбург консульство США. 
151,"Полицейский - в рацию у ТЮЗ в СПб: «У нас слишком много народу, мы не справляемся!» "
152,Ура лето                         Уже конец июня 
153,"Собаки нужны, как минимум, чтобы было с кем поиграть в прятки. "
154,Август 2013 — октябрь 2021 
155,"""А пользу эти собаки приносят?""  "
156,"Москва: о Боже, идти 25 минут? Как долго!

Петербург: да тут недалеко, идти 25 минут"
157,Собаки это просто чудо природы 
158,гшфд после новости о возможном реране чжун ли 
159,"У кого Екатеринбург, у кого Шиес. А для меня Биробиджан - столица протеста! "
160,"Две новости.
1. Японцы восхитились российским автомобилем УАЗ, сообщает РИА.
2. Российским олимпийцам за победы в Японии вручили автомобили BMW."
161,Студент vs препод во время сессии 
162,просто Банни фон май соул 
163,"Интересные выборы будут в Новосибирске. Жители города, прямо сейчас дойдите и отдайте подпись за одного из кандидатов коалиции Новосибирск-2020 "
164,"осень 2021 через неделю, но давайте вспомним что было осенью 2020 "
165,тред теплые авочки с малышами из геншина по причине скоро зима 
166,"Зима: *наступает*
Мой нос: "
167,"Пока зима ещё не закончилась, покупайте снежколепы в форме уточек — уточки хороши в любое время года "
168,"Апрель будет лучшим ! 
Обниму каждого "
169,"11 лет: песни из май литл пони
14-16 лет: тяжелые песни с глубоким смыслом
18 лет: песни из май литл пони"
170,Вагнер Лав везет Сергея Игнашевича на подписание контракта с ЦСКА. Июль 2020 года. 
171,"Москва если вы хотите покушать самую вкусную пиццу в своей жизни то на менделеевской есть замечательная пиццерия Ла Мортацца
ОЧЕНЬ вкусно я через полмосквы за ней ехала "
172,"Чувствуешь, какой воздух? 
Август уходит. 
Прощай, лето. 

Р. Брэдбери"
173,"Октавиан Август - справа, Джеймс Бонд - слева. А то многие путают. "
174,"3. Если ночью лают собаки, значит, на охоту вышел тот, кто любит забирать души. Не выходи на улицу."
175,"Это Екатеринбург.
«Что поделать - молодёжь!
Не задушишь, не убьёшь...» "
176,100 лайков и я приползу так в универ 
177,"Лучше тысячи слов.
Граффити в СПб, пос. Бугры "
178,"Коты, конечно, воплощение вселенского зла, но давайте будем справедливы — эти уши сами провоцировали. "
179,"Подравшийся с ОМОНом студент Джумаев признан политзаключённым.
 "
180,эта неделя спасла всю осень 
181,"последние пять эмодзи без лица, ваше предсказание на август 

"
182,"Август - отличный месяц, в него родилось много моих прекрасных коллег. Ваня , с днём рождения! "
183,"Люби Екатеринбург, Москва подождёт. "
184,В универ нужно поступать чтобы перестать комплексовать по поводу того что ты некрасивый. И начать комплексовать по поводу того что ты тупой
185,"РИА Новости: «Александр Лукашенко приехал с частным визитом в Сочи».
Раз приехал с частным визитом, пусть просит у Путина его частные деньги."
186,"Екатеринбург. Очень-очень много людей. Шествие началось, автомобилисты поддерживают митингующих сигналами.
 
Спасибо, чудесный город! "
187,Когда в детстве на всё лето отправляли к бабуле 
188,"На москвичку, которую в июне за руки выволокли из МФЦ Хорошевского района, завели дело о применении насилия к полицейскому


Видео: Говорит Москва "
189,"Каждый владелец собаки считает, что его/её собака - лучшая в мире. Это единственный случай, когда каждый прав"
190,"Самая грустная предновогодняя вечеринка в мире проходит в Красноярске. Там аниматоры в костюмах слона, свиньи и собаки по вечерам танцуют в парке. Но никто не приходит  "
191,"Собаки - это последние ангелы, решившие остаться с человеком на земле... "
192,"В детском саду на утренник я был в костюме собаки.
Как видите, это мой любимый трек во взрослой жизни: "
193,"новости, которые мы заслужили "
194,Утренняя Москва. Фото: Григорий Джеджея 
195,"я поступая в универ: я буду всё делать вовремя чтобы не быть как эти студенты из рассказов которые пишут курсач за сутки до сдачи
я на 4 курсе: "
196,"Смотрите, моя безумная компания на это лето: "
197,"[164]
и в последний раз
с любовью,
август "
198,"ОФИЦИАЛЬНО ПОДТВЕРЖДАЮ!!! 
POPCORN BOOKS издаёт «Лето в пионерском галстуке»!"
199,"Хорошие новости.
Россия подписала соглашение о сотрудничестве в исследовании и использовании космического пространства с Зимбабве.

Это не шутка."
200,"Это Екатеринбург. Набережная 
Фото — Alexey Batin. "
201,"Архангельск, Ингушетия, теперь Екатеринбург. Силы пока не равны, но Россия просыпается и готова сопротивляться путинскому беспределу, воровству и номенклатуре."
202,"Обожаю осень в Питере пока еще не дали отопление. За два дня простынь не высохла, а протухла."
203,на пару дней попала в бесконечное лето 
204,"Батуми. Осень. Номер с ортопедическим матрасом и видом на море. $350 за один месяц (при долгосрочной аренде дешевле)

Спасибо Господу за удалёнку "
205,Я в Спб. Завтра стрим мб
206,Хочу читать только такие новости 
207,"Я: Собаки не такие уж и умные. Готов поспорить, что они не понимают математику

СОБАКА: Так же как и ты, придурок"
208,Коты дают мне повод жить 
209,"это я листаю ленту, стараясь пропускать новости и твиты, которые могут меня встревожить или расстроить "
210," В Кремле заявили, что затопленная сегодня Москва, это результат 2-х прошедших мировых войн, кошмарных 90-х и последовательного давления русофобии с Запада."
211,"Вы только посмотрите, как прекрасен Февраль в 2021 году! "
212,"Психи, не забывайте, что скоро весна. Начинайте жрать свои фенибуты и феназепамы заранее"
213,"сентябрь 2020:
— Дайте воды, пожалуйста ! Так есть хочется, переночевать негде((

 май 2021:
— Ёптвою мать, где мой транш на полмиллиарда?? "
214,"Раньше: поступаешь в универ чтобы слушать интересные лекции 
Сейчас: идёшь на митинг чтобы свинтиться и слушать интересные лекции"
215,"Август. Хоть ты и тяжёлый месяц, но ты показываешь мне людей с другой стороны. С плохой стороны. Спасибо"
216,"Да. Так все и было. Ни о чем не жалею.
Екатеринбург, спасибо за поддержку. "
217,"Ужасно. Помните медика из Покровской больницы в СПб. Он записывал обращение о том, что у них нет средств защиты. У него коронавирус нашли "
218,зима закончилась. до весны остался где-то месяц.
219,"Мне кажется пословица «Путь к сердцу лежит через желудок» больше актуальна для женщин, потому что именно девчонки когда голодные злые как собаки шо просто не подходи"
220,"декабрь: *наступил*

снег: сейчас август?"
221, Москва продлила безвизовый режим для россиян
222,"по ходу, Екатеринбург опять из Москвы Соловьёв проклинать будет.

екатеринбуржские уики первыми в стране отказываются от проведения голосования по поправкам в конституцию.

обожаю свой город."
223,собрала люксовую табуретку к ней еще дали какую-то  прикольную лежанку для собаки хз я не дочитала инструкцию 
224,Коты в неолите были интереснее средневековых 
225,И обои целы и коты поглажены 
226,"[87]
хорошо сказано, апрель! "
227,"[91]
милый апрель "
228,"[33]
дорогой апрель  "
229,"кто в вашем отп читает заголовки  правильно и по очереди, а у кого скользкие собаки в турцию залезли? "
230,"[23]
с надеждой,
твой апрель "
231,"- я так возбудился, скажи это ещё.... умоляю....
- тёплая весна"
232, мне кажется от мультика про варежку вместо собаки он впадет в депрессию
233,"( •_•)                                (•_• )
( ง )ง                              ୧( ୧ )
/\                                 /\
люди ждущие    люди проклинающие 
лета                                    лето"
234,Коты это что-то с чем-то 
235,И все же коты это жидкость 
236,"Осенняя атмосферность от Оксаны Юшко, обстановка от кафе ""Март"", романтические задворки. "
237,"сага в которой домашние коты выбирают Юнги как своего биаса — по праву самая лучшая 

"
238,"Хочу, чтобы все новости были такими: "
239,«увидимся следующим летом» это самая грустная штука которую можно услышать :( я не хочу в осень
240,"Студент Вышки организовал пикет на горе в Кабардино-Балкарии, где он проводил каникулы. Его задержали. Обыск.

Репост пожалуйста "
241,"[105]
глупый апрель "
242,"~ У ОлБола не было хвоста, а на картинках в сказке коты с хвостами, поэтому Коко и назвала его мячиком :з "
243,«Работаю промышленным альпинистом. Коты всегда рады моему появлению» 
244,"[65]

просто «август» "
245,"[205]
с надеждой,
апрель "
246,"[228]
грустный апрель "
247,"студент перевёл «helmets» как «доспехи», и так мы получили новое правило дорожного движения:

велосипедисты должны носить доспехи."
248,"[90]
август ин лав "
249,смотрите к нам коты прилетели 
250,"скетчила вчера для заказчицы Аякса и вспомнила, что уже рисовала его как-то раз, настроение на сегодня Гермиона сильно изменилась за лето "
251,"[208]
глупый август "
252,"1924 год, Москва.
1924 год, Львов.
Почувствуйте разницу. "
253,"хочешь, скажу честно? если бы не ты, то это лето было бы жутко скучным. с тобой прикольно тусоваться, как ни с кем другим "
254,"‘у меня коты дома. приходи.’

минхо?!?! "
255,Как говорится есть две собаки 
256,Москва! Очень-очень много людей! 
257,"все : ну что ещё плохого может случиться в апреле

апрель: "
258,смотрю как вся лента которая ныла что хочет лето теперь ноет что жарко стесняюсь спросить а вы что ЗАБЫЛИ что летом жарко 
259,"  Коты, это вам не кнопки жамкать, тут думать надо"
260,"— Что было лучшим в вашей жизни за этот год?
— Август
— Ди?
— Ну типа"
261,"Терехово, Москва (фото около 2010, деревня снесена в 2019) "
262,"Екатеринбург, выходите на митинг за право выбирать для всей страны "
263,"Ночник ""Панельный дом"". Шат ап энд тэйк май мани! "
264,"Отличные новости, профильный комитет одобрил список из 35 коррупционеров и пропагандистов, которых надо покарать. Абрамович, Миллер, Соловьев, сыночек Патрушева и остальные. Красота. "
265,"Вторая часть дневничков.
OXXXYMIRON - IMPERIVM TOUR diaries / Часть 2: Москва, Иркутск, Новосибирск: 
съемка и монтаж бай  и  
RT RT RT "
266,"В Москве по официальным данным сегодня самый большой суточный прирост числа заболевших за весь июль. 
Больше, чем за вчера в Германии и Италии вместе взятых."
267,"но есть и хорошие новости
Новогодние эпизоды ВПЕРЁД "
268,"Написали слово на снегу и уже все задержаны. Москва. Это значит, если я на балконе напишу Свобода и демократия, то меня ОМОН будет брать штурмом...?! "
269,"бонусом!! форбс назвал екатеринбург одним из самых недооцененным городов россии, что значит, что люди на подсознательном уровне игнорируют екб пушто а какой смысл ехать в пустоту?? "
270,"Давайте порадуемся и почитаем что-нибудь доброе, напишите какую-нибудь теплую, счастливую или милашную ситуацию из своей жизни 

Это так необходимо в депрессивную осень"
271,"пришла зима, декабрь, скоро Рождество... ах да, о чём это я? зима в Японии выглядит так. "
272," невероятно! русские узнали о существовании украинского языка. фото в цвете, март 2021"
273,гороскоп для знаков зодиака на март. 
274, То есть на май идей уже не хватило
275,"Надо будет конкурс на 1 рюкзак сделать или 2. Если победитель из Мск или СПб, то лично принесу. Как вам?"
276,"||
   тупая зима, зачем
   так холодно
 || 
                \  (••)  /   
                   (      ) 
                     |   |"
277,"извините конечно, но думать, что беспородные собаки априори тупее и хуже породистых это то же самое, что считать чернокожих и азиатов хуже белых."
278,исин так приятно вписался в клип типа потусил со всеми пять секунд и снова пропал прям как любой студент на последнем курсе который знакомится со своим преподом прямо на зачете
279,"Все: ""Эх, весна!""
Судмедэксперты: *вдыхают прекрасный аромат подснежников*"
280,"В этом году зима европейская такая, да? Собственно, это единственное у нас в стране из европейского"
281, Наверное потому что универ В ПРИНЦИПЕ не предназначен для детей????
282,iPhone SE - самый продаваемый смартфон в России за последние месяцы. 
283,если на выпускном вашего универа не выступает меладзе вам стоит сменить универ 
284,"Ожидание: универ это сообщество ищущих, думающих людей с горящими глазами, мне там будет очень интересно
Реальность:

 "
285,"Эволюционируют только коты, остальные деградируют. "
286,"Москва, 21 апреля, 19:00, Манежная площадь.

Санкт-Петербург, 21 апреля, 19.00, Дворцовая площадь.

Смотрите видео: 

Читайте пост: 
"
287,"Патриарх призвал отменить бесплатные аборты. В зале, полном медиков, нашелся один-единственный студент, который посмел ему возразить "
288,Глаз радуется) Сравнение количества станций быстрой зарядки для электромобилей. Москва и Киев: 
289,"Мама собиралась в аэропорт и сказала «присядем на дорожку»

Собаки: "
290,"март, апрель, май - 

июнь, июль, август - 

сентябрь, октябрь - 

декабрь, январь - 

ноябрь, февраль - "
291,"март, апрель, май - 

июнь, июль, август - 

сентябрь, октябрь - 

декабрь, январь - 

ноябрь, февраль - "
292,"март, апрель, май - 

июнь, июль, август - 

сентябрь, октябрь - 

декабрь, январь - 

ноябрь, февраль - "
293,"Спасибо, фандом, что я больше не могу подобные новости воспринимать адекватно. :) "
294,пришли мы значит в универ а тут 
295,"последние пять эмодзи без лица, ваше предсказание на сентябрь

"
296,"— А чё убегаешь-то?
— Я думал, что вы собаки! "
297,"В твиттере есть чел, который ходит по личкам девочкам и скидывает им....
СВОЕГО САМОЕДА. 

Это не эвфемизм. Чел реально кидает фотки своей классной собаки!"
298,"конец треда может найду ещё что-нибудь ¡¡

приезжайте в екатеринбург он скоро растворится "
299," Админ Инсты, скрывающей фото собаки "
300,за весь январь у меня было только два состояния 
301,Москва! Очень много людей! 
302,"СПАСИБО большое за прочтение  не спешите в любви и слушайте своё сердце 

с любовью,
ваша февраль "
303,"О Май Гад это кто,,?, "
304,пов сейчас осень 2019: 
305,"""Я вас обремянчу!"" 
     (С) Джексон | июнь 2018

""Спасибо за пердеж!"" 
      (С) Марк | июнь 2019"
306,Я напоминаю что коты самые мудрые существа в мире 
307,"Еще один выпуск о том, что Россия – это не только Москва "
308,"как обычно нежно называют Кать: 

«катенька, катюша»

как он нежно называет меня:

ЕКАТЕРИНБУРГ
КАТОЛИК
КАТАРСИС
КАРДАМОН"
309,сомнительная репутация май эсс он насиловал детей 
310, Москва и Минск отказали Киеву в поставках электроэнергии.
311,Очень смеюсь с премиального Москва сити 
312,"Лауреаты за январь 2021: Алексей Навальный, Мария Певчих, Георгий Албуров за фильм о «Дворце Путина»

Речь лауреатов — 

Материал лауреатов —  "
313,"Поехал сегодня пофотографировать беларускую осень, но сделал только один кадр. По-моему, в нём всё. "
314,"я думаю о теплой погоде: 

я думаю о жуках, которые выползут, как только зима закончится: "
315,"За январь-октябрь 2020 года в России убыль населения 468000 человек. Умерло 1,661 миллиона человек. 
Россия с кем воюет?"
316,"Лето:
Плюсы: лето
Минусы: лето"
317,гороскоп для знаков зодиака на июль. 
318,Вдумайтесь. Все собаки сейчас родились и живут при Путине.
319,поскорей бы школу закончить поступить в универ и пойти работать 
320,"800 метров берега убрали за час. Новосибирск – респект, вы крутые! "
321,"Хочется проводить лето как Хармс, а получается как Толстой "
322,"Бутина приперлась читать лекции о превосходных условиях в российских тюрьмах, а студенты её хорошенько пропесочили, красота. Новосибирск
"
323,Как показать собеседнику свою заинтересованность. Учитесь у собаки. 
324,Ройзман. Избранное. Май 2021 
325,Ездовые собаки выглядывают из грузовика в Колорадо (via Reddit) 
326,"я: это лето будет самым продуктивным
я все лето: "
327,"ужасный май, он мне уже не нравится."
328,А как у вас прошел январь? 
329,"Пять лет назад коты в Крыму наконец-то перестали быть ""китами"". "
330,"[] Официальный аккаунт участников -  
Официальный аккаунт группы -  
Официальный японский аккаунт группы -  
Официальный аккаунт BigHitEnt -  
Расписание на октябрь-ноябрь: "
331,"Студент во время сессии попросился выйти покушать, сел на поезд и уехал домой  "
332,"Кто-то: как лето проходит?
Я: мимо меня..."
333,"У меня вопрос к ютубу: можно ли жаловаться на видосы за мошенничество, если они называются а-ля ЛЮТЫЕ ПРИКОЛЫ ЗА АВГУСТ, а приколы там совсем не лютые?"
334,"А давайте интерактив.
Третий сохранённый мем - то, как для вас начнётся осень.
У меня: ))) "
335,У меня тут снова кошечка в клинику подбросилась. Кому в СПб именно такой для счастья не хватает? 
336,"август только начался, и вот он первый случай убийства в этом месяце. "
337,"Кот убегает от собаки, преступник убегает от полицейских, а муж убегает от жены. Или обычный день в Бразилии "
338," Кредитов у меня нет, но зимней обуви тоже нет, при этом ещё и кушать хочется. Обычная дилемма когда ты студент"
339,Советские танкисты во время боёв на Курской Дуге. Лето 1943 года. 
340,"весна 2021         /         осень 2021

что случилось со мной за пол года вопрос "
341,"весна 2021         /         осень 2021

что случилось со мной за пол года вопрос "
342,"я обсираю             я когда кто-то
свой универ          обсирает мой
                                   универ "
343,"Сейчас показывают концерт из СПБ. Битком молодежи. Face to face. А мы тут про прививки, про ковид.  Сумасшедший дом какой-то."
344,"Москва. Апрель
фото из моего окна "
345,"Киев, февраль 2014 года. Протест свободных людей.
Как в Украине россияне не хотят. Путинские космонавты могут творить с рабами режима всё, что им вздумается... "
346,Очереди на вакцинацию в Спб поражают 
347,"[] Официальный аккаунт участников -  
Официальный аккаунт группы -  
Официальный японский аккаунт группы -  
Официальный аккаунт BigHitEnt -  
Расписание на март: "
348,"На Урале уже 2021: с Новым годом, Екатеринбург!
Любим, скучаем, помним!"
349,"Это я слушаю ""Прекрасное далеко"" пока читаю новости о закручивании гаек в России "
350,Тред персонажи громоверса как собаки 
351,Читаю новости и понимаю: при Путине Россия прорастает Беларусью. А вместе они - зона сплошного бесправия и полицейского произвола. Зона поражения народов…
352,"НЕМЦОВ:
«Березовский и Гусинский сделали все, чтобы я не стал президентом. В итоге они получили Путина, который их и уничтожил»
Август 2010 года "
353,"Шесть лет назад, 20 февраля 2015. Пресс-конференция организаторов марша «Весна». Виделись в последний раз. "
354,Гороскоп для знаков зодиака на июнь 
355,"Задержали у дома за участие в митинге 31 января.
Везут в 1 отдел полиции СПб."
356,хм хм хм хм весна  
357,Новосибирск - вся площадь заполнена 
358,"Реальные кадры ещё страшнее фильма. Военные ходят в химзащите, а в это время дети играют на улице.  Припять, апрель 1986 год. "
359," опять в России существует только Москва, ничего нового)"
360,"Смотришь и понимаешь, почему Антона и Арсения на ТВ и на концертах по разным углам рассаживают.

26.02.2015, Москва, театр ""Жив"" "
361,"Новости от Андрей Пивоварова. Он ежедневно: 
- бегает 770 кругов 
- 700 раз отжимается
- делает 400 приседаний"
362,"Если что, суд сейчас рассматривает показания про февраль 1944. До рождения Навального оставалось 32 года, до ролика RT про выборы — 76 лет. Запасаемся терпением

"
363,"42 стукнуло. За окном -15, скоро весна. Вечером - зажгу фонарик и хлопну рюмашечку за прекрасное будущее - моё и ваше "
364,— Джун на виверс: подождите минутку февраль действительно закончился? 
365,"Да, Мирона задержали в СПб, сначала повезли в 19й отдел, там пересадили в другой автобус и везут в 36й. Буду держать в курсе "
366,"октябрь
Путин: Урожай в этом году собрали хороший.

ноябрь
Центральный банк РФ: Плохой урожай в России может вызвать рост цен на продукты.

Блеать "
367,В какой же зверинец превращается Москва. 
368,"зима по-итальянски будет inverno.
а ад – inferno.

я чувствую этот язык душой и сердцем."
369,"Истина всегда где-то посередине, поэтому эти две новости нужно читать так: Хороший урожай в этом году вызовет рост цен на продукты "
370,Это я в феврале получаю зп за январь 
371,универ это: чай с пледом и миллион компов из разряда мы нищие богачи 
372,"У скабеевой сегодня сто раз подчеркнули, что костюмы двоих из ларца не брендовые и дорогие, а сшиты в СПб.  Бюджетные.  Реальный цирк для гномов."
373,Таких космонавтов Новосибирск давно не видел 
374,"Екатеринбург: чоповцы под руководством полиции огораживают сквер, в котором предыдущие 3 дня собирались участники митинга против строительства храма "
375,Гороскоп на август для знаков зодиака. 
376,Коты поспели. Время собирать урожай. 
377,"Здравствуйте, я пришла вам показать, с какой атмосферой у меня ассоциируется каждая осень "
378,"Фор риал. Очень многие ""смешные"" видео с собаками вообще не смешные, а собаки на них капслоком кричат чтобы люди прекратили  "
379,"Парк Сокольники, май 2008 года. Как будто из прошлой жизни фотография. Что-то я стал сентиментален в последнее время)) "
380,"шёл студент увидел окно

и вышел"
381,Екатеринбург дошёл до сквера. Скандируют «Перемен!». Людей невероятно много! 
382,"Зима: Китай и коронавирус
Весна: мир и коронавирус
Лето: Монголия и бубонная чума
Осень: Россия и "
383,"Зима: Китай и коронавирус
Весна: мир и коронавирус
Лето: Монголия и бубонная чума
Осень: Россия и "
384,"Зима: Китай и коронавирус
Весна: мир и коронавирус
Лето: Монголия и бубонная чума
Осень: Россия и "
385,"Хорошие новости.
РИА сообщает: на российском сегменте МКС заработал второй туалет.

Что ни говори, а мы всё же самая что ни на есть комическая сверхдержава."
386,"Владимир, Москва, 86 лет.

Отказывается признавать, что всю жизнь помогает убийцам. "
387,"Я провел в больнице месяц, весь февраль, а химия тем временем продолжалась и будет идти два года. "
388,Также Россия выступала за независимый от Запада поисковик Спутник и независимый от Запада смартфон Йотафон. Так что все ок 
389,спасибо апрель ты не только подарил мне фетиш на кудри чонгука но и заставил вкрашиться в него окончательно  
390,Очевидец происшествия под Норильском согласился дать интервью. 
391, Июнь: Собянин мобилизует актеров и сценаристов сериала «Интерны»
392,какие же стэнки сехуна экстра мы угадали что у него будут розовые волосы потому что он отправил нам стикер с розовыми волосами и фотку собаки с розовым бигуди 
393,в комментариях универ предлагают закрыть вообще. то есть что
394,"Москва, Арбат. Немногочисленные оставшиеся людьми россияне.

Самая крупная в мире, при этом бессмысленная и беспощадная, террористическая организация - это российская федерация "
395,"Бастрыкин: Что ты ещё доброго сделал накануне Дня Победы, кроме того, что полицейского толкнул?
Студент: А вам, что, одного доброго дела мало???"
396,История одной замечательной собаки. 
397,"У моего друга беременная жена. На вопрос ""какой у неё месяц"" он ответил: ""как и у всех, пока август""."
398,Ха. Соболь  уступила только Путину в рейтинге упоминаемости политиков за август. 
399,"Модные российские тренды весна-лето 2021: электронный браслет на ноге, лучшая маска на лице, фотосессии в судах с адвокатом и приставами "
400,"Модные российские тренды весна-лето 2021: электронный браслет на ноге, лучшая маска на лице, фотосессии в судах с адвокатом и приставами "
401,"На ""Госуслугах"" могут ввести запись на свидания в тюрьмах (РИА Новости) 

Цифровизация, которую мы заслужили?…"
402," боже это я и моя психотерапевтка

начало месяца: сейчас мало пациентов записывайся когда хочешь
конец: ты что привела весь универ ко мне........."
403,"лето

плюсы: открытая одежда
минусы: открытая одежда"
404,"свято уверена что если буду почаще вбрасывать без контекста свои любимые зимние картины в этом году зима на юге будет снежная
поэтому
снова муха
да "
405,"фд модао                          фд модао 
ухохатывается           вспоминает,
с того, как                 почему вэй ин
ржачно вэй ин               так сильно
убегает от                         боится
собаки феи                        собак "
406,"Между тем, весна началась. Надеюсь, она опять будет русская."
407,"Екатеринбург вечером. Видна Венера на западе. 
Очень красивый город. "
408,"Сегодня - Сретение Господне. Зима с летом встречаются!
Чувствуете?"
409,"Обнимаем всех и каждого! Екатеринбург, вы супер! "
410,"это я в Кащенко, выпустили погулять, фотку сделал санитар. лето 2021… "
411,Москва НЕНАВИДИТ «Единую Россию». Как вышвырнуть единороссов из столицы 
412,"Люби Екатеринбург, Москва подождёт. 
Спасибо тем, кто пришёл. 
Это наш город. "
413,"15 лет: Дельфин - Весна
20 лет: 5'nizza - Весна
25 лет: Кровосток - Весна
27 лет: Бутырка - Запахло весной"
414,"[] Официальный аккаунт участников -  
Официальный аккаунт группы -  
Официальный японский аккаунт группы -  
Официальный аккаунт BIGHIT MUSIC  -  
Расписание на июнь: "
415,необходимость пользоваться автобусом или маршруткой в восемь утра чтобы просто приехать в универ 
416,"Набор юного выживальщика
Коллекция ""Зима 2020"" "
417,Приехал в Екатеринбург чтобы поздравить маму с днём рождения 
418,Это было Средневековье. Коты отрывались как могли. 
419,КАКИЕ МЕРЗКИЕ ЖУЛИКИ. Где москва ?!!! 
420,Март 2014 года. 6 лет назад Вежливые Люди взяли под защиту крымчан от агрессии бандеровских боевиков. А весь мир увидел новую армию России! 
421,"Если вы живёте в Российской Федерации в 2021 году, то у меня для вас плохие новости: "
422,"Почему у людей не принято называть детей названием месяцев?
Просто представьте чувака с именем Февраль? Или Декабрь? Шикарно же"
423,"Думаю, сумеем. Поддержите.
Начну с того, что перечислю свою зарплату за апрель. "
424,Это я не понимаю как так быстро пришёл ноябрь если только вчера был январь 
425,завтра финальный концерт тура в спб. ждём всех своих 
426,"После того как у любимой собаки случился инсульт, семье предложили ее усыпить. Но они не стали сдаваться. И собака тоже "
427,"В Калифорнии женщина столкнула с забора медведя, который хотел забраться на территорию дома. Её собаки попытались защитить свою территорию, но хозяйке пришлось защищать самих собак

 "
428,"Карасуно: мы вороны
Некома: мы коты
Шириторидзава: мы соколы 
Фукуродани: мы совы
Инаризаки: мы лисы

Аобаджосай: "
429,"Зима,сугробы,прикольно,красиво...когда сидя в тепле смотришь на это всё из окна "
430,"Белорусские силовики решили вернуть август: снова держали людей стоя на улице по 10 часов, ломали ноги, руки, избивали упавших по голове
  
 "
431,Разводные коты художницы Веры Шанской 
432,"Пока осторожный оптимизм. Новосибирск, поднажмите. В вашем городе можно и нужно разгромить ЕР "
433,"мой универ          склад грязи 
                        
           непонятно зачем 
                построен"
434,Екатеринбург. Люди идут и несут цветы и игрушки несут. И никто не трогает. Рука не поднимается. 
435,"«ВандаВижн» перенесли на январь 

С годом без контента Марвел"
436,"Меня сегодня развели на заведение собаки. Причем для того, чтобы я согласился, сделали полноценную презентацию.
И она прекрасна.
Это только часть слайдов "
437,"думаю лучшее в сериалах это не какие-то там клишированные романтические отношения между главными героями, а дружба задолбанного жизнью детектива и его собаки "
438,"Нью Йорк, осень, Хеллоуин "
439,Даша сегодня какой индастриал сфотографировала. Типичная Москва 
440,Май литл мяу мяу...... оба 
441,Коты поют гимн Лиги чемпионов. Это замурчательно  
442," И передача ""не беременна в 16"", где девушка гуляет с подружками, готовится к егэ, выбирает универ."
443,"Иногда коты так художественно лежат, что невозможно пройти мимо!
И ведь правда рыжих легко различать? "
444,"они выглядят как парочка, которая встречается два года десять месяцев и у них есть коты, но не все так просто "
445,"кста, а у вас тоже из планов на будущее типо закончить универ, а там тыры пыры трали вали и стать мега богатой?"
446,пятая картинка в галерее описывает ваш сентябрь  
447,"16:00
маятник фуко спб
ждём всех своих"
448,"Говорят - это новый смартфон Lenovo. 
Ну, хотя бы обои оригинальные. "
449,"Кот научился самостоятельно открывать дверь.
Хозяева поставили перед комнатой ёмкость с водой в надежде, что кота это остановит.
Не остановило.
Коты — Человечество 1:0 "
450,Когда типо болеешь и не пошел в универ: 
451,Когда твои коты отказываются спать на полу 
452,"Кстати, если вы завтра будете искать самых красивых девушек в СПб, то знайте, что они все будут на нашем концерте -
"
453,Авиакомпания «Победа» представила новый ультра-эконом класс на рейсах Москва-Анталия 
454,"один скажет: КЭРРИ ОН МАЙ ВЕЙВОООРД СААААН

миллионы ответят:"
455,"Мы с папой в Нью Йорке, май 2000 года. Даже на WTC поднялись. Совсем другие времена, за год до нашей эры. "
456," никто: 
мой универ: добро пожаловать в 19 век "
457,"Ну вот, есть же нормальные ласковые коты. "
458,"Без лишних слов. Спасибо всем, кто верит, что среди нас есть хорошие люди. "
459,"Екатеринбург, все работы в Сквере на драме остановлены.
Начинаются переговоры и консультации.
Пока все спокойно."
460,Одноклассники подaрили пaрню из бедной семьи его пеpвый смартфон. 
461,"В квартире Евгения Понасенкова произошёл обвал шкафов с пиджаками 

В результате происшествия под завалами оказалось 5 человек. МЧС проводит спасательную операцию. Сам Понасенков от комментариев отказался. "
462,"Поэта Алексея Денисова избила и залила газом полиция за выгул собаки, приговаривая «нам Путин разрешил». Алексей задержан. Подмосковный Жуковский Нужна огласка и распространение новости. "
463,А вот и первое нарушение. Участок 134 СПБ. Пригнали военных голосовать не по прописке. 
464,Нарочно не придумаешь. Двое сотрудников белорусского кинотеатра Октябрь в Гомеле задержаны за соседство афиш фильмов «Лука» и «Проклятый чиновник» 
465,Февраль 2021 как торжество перфекционизма 
466,"Москвички испокон веков славились неувядающей красотой, умноженной на внушительную толщину кошельков их папиков.
На фото Мисс Москва 2021 и её прекрасные предшественницы. "
467,"чанбин:
- думаю, осень закончилась кккк
- время утепляться
- но в то же время хёнджин такой горячий кккк..
- очень горячий"
468,"Первые ВОЛОНТЁРЫ, которые начали помогать украинской армии были - крымские татары. Крым, март 2014 год. "
469,"Вильнюс, сквер Бориса Немцова. Посольство Российской Федерации. Март 2021. "
470,"Студент из Омска, пожаловавшийся губернатору на плохой мобильный интернет, останется в СИЗО до 12 декабря – пресс-служба суда "
471,"Все!
Начина с 5го числа по эту минуту(включая мой др, да) работал над программой МСК и СПБ! 
Ждите!
Завтра Мск"
472,Мой план на этот январь. 
473,"Россия не может сделать ни  одной вещи для человека - ни компьютер, ни смартфон, ни нормальный автомобиль. Но полицеский бронемобиль до разгона митингов - да пожалуйста!!! "
474, ЗИС ИС МАЙ ПЁРФЕКТ ВИКТОРИ
475,если я хоть одну осень их не посмотрю я умру 
476,"парни, вы уже если подкатили, то катите до последнего, а то вот эти движения полудохлой собаки раз в три недели еще хуже, чем ничего"
477,"«Хороший кот в рассветных лучах гнездится на горе неразобранного текстиля», цифровая фотография, март 2021 "
478,"в Нью-Йорке пронизывающий январь до −22 °C, но в Центральном Парке классно даже в такой холод  "
479,"Есть и хорошие новости.

Православная церковь никогда не признает однополые браки, может назвать их только грехом — патриарх Кирилл"
480,"Апрель: маски бесплатно раздавать нельзя, будут спекуляции
Июнь: 

Это другое! "
481,"Странно, почему США до сих пор не ввели новые санкции против России. Ведь Москва не представила ни одного убедительного доказательства своей непричастности к ситуации в Техасе."
482,Не только коты лижут собственный зад 
483,"[] Официальный аккаунт участников -  
Официальный аккаунт группы -  
Официальный японский аккаунт группы -  
Официальный аккаунт BIGHIT MUSIC  -  
Расписание на май: "
484,"лето это просто три месяца выделенные школьникам и студентам на отдых, вот и отдыхайте как можете"
485,"Намджун: с Новым годом!
Джин: но сейчас июнь 

Тэхен: Дороти мальчик или девочка?
Юнги: я не помню 

Золотые цитаты каждую минуту"
486,"вы понимаете, что даже великое колено больше не ждёт лето. всё, мы выросли и достигли точки невозврата"
487,"Все, коты, я в самолете 
В следующий раз напишу уже из Москвы "
488,"новый студент в группе: появляется.
все остальные, вместо того, чтобы просто поздороваться: "
489,"Благодаря помощи этого уфимского врача Гузелии Валеевой, которая оказалась на борту самолета Анталия — Москва, удалось спасти полуторагодовалую девочку "
490,"Тэхен: я выпущу свой микстейп до конца этого года 

Арми: ура осталось 29 дней 

Тэхен: в смысле сейчас не март "
491,"Я: *готовлю обед*

Папа: опять свой брокколиный суп варишь?

Иванушки International: брокколиный суп, жара, июль!"
492,Взрыв в аэропорту Кабула: антитеррористическое подразделение террористического движения «Талибан» оцепило место происшествия 
493,"что я запомнила за это лето:
1. почти все стали иноагентами
2. почти все сыграли свадьбы"
494,Маленький котенок и взрослый пёс. Отношение собаки к котёнку просто умиляет. 
495,"Мало кто знает, но до изобретения высоких разрешений коты выглядели вот так. "
496,из-за флешмоба прошлое лето вс это лето я увидела эволюцию своих волос 
497,"Вам Грета Тунберг обещала глобальное потепление, а вы не верили. Вот и август в начале весны"
498,В Красноярске лето и потихоньку развиваются кикшеринг 
499,"помогайте, коты 

1 или 2?

худела для 1, но в итоге мне не нравится, как оно сидит :) "
500,"Екатеринбург признан самым безопасным городом России. Мне приятно, что в этом есть частица моего труда. В тройку вошли ещё Казань и Москва."
501,Рубрика «Происшествия». Сегодня в Геленджике на Аркадия Романовича Ротенберга свалился дворец
502,на фотках для диор сехун выглядит как один из нас.. как студент поступивший на скриптонитологию 
503," Хм. Знакомая ситуация.
Мне на 18 лет подарили койко-место в общаге с тараканами и выгнали из дома в универ"
504,монескины сильно изменились за лето 
505," а прикинь там мясо наверное летело вместе со всей начинкой, и теперь уличные коты это все смогут поесть--"
506,"Как же страшно, что эти новости мы уже пролистываем... "
507,"коты в россии        коты в россии 
раньше                         сейчас "
508,"Зайдите на  и пусть ваша первая рандомная палитра расскажет, как пройдет ваша зима "
509,"Март. Природа замерла в ожидании: птицы ждали ранней весны, женщины - настоящих мужчин, вазы - живых цветов. 

Ринат Валиуллин ""Легкомыслие"""
510,"коты, спящие на книгах: тред "
511,"Весна идет. Токийские красавицы Skytree и Tokyo Tower в цвету сакуры.

Фотограф  "
512,"Лавров: ""Москва разочарована реакцией Запада на поведение Киева"".

Отличная новость. Кремляди бесятся, что их вранью никто не верит."
513,"Позже Янка Купала приехал в Москву и через 10 дней его тело обнаружили в гостинице ""Москва"". Он как-то случайно упал в лестничный пролёт "
514,продолжи строчку кэн ю сейв май… НЕ МОЖЕШЬ??? 
515,Казань. При задержании товарищ полицейский в штатском просит называть его «хозяин». Дожили 
516,"Зима 1978 годаМне тогда было 14 лет,а вам? "
517,"Пруф, что коты сотворили этот мир "
518,  а вас тоже коты так дерут?
519,А в вашем детстве зима была такая? 
520,"Зима прошла, а это значит что сейчас пойдёт Реклама.
Сейчас договариваемся с рекламодателем клевым. Скоро новый выпуск Данилки Кашина"
521,Собаки бывают с разным интеллектом 
522,"Екатеринбург, в субботу приходите пробежаться на Плотинку! Начнём от ротонды, быстро не побежим, потом чаю с пирогами попьём. "
523," Вообще, при 190 см ростом и 20-25 нормально, у меня троюродный дед собаки потологоанатом, так что соболезную вам."
524,"Осень в Цюрихе, Швейцария "
525,ваш патронус гусь. вы проводили в детстве лето в деревне. ваш боггарт? тоже гусь.
526,Правозащитный центр «Весна» (у них стояли люди на рамках) пишет про 63 000 участников опен-эйра Тихановской. Тогда это рекорд в истории страны. 
527,"Талибы пускают на работу в министерство по делам женщин только мужчин — РИА Новости

А в России выборы курируют фальсификаторы. Чем лучше-то?"
528,"Начнём утро с хороших новостей. 

«Апдейт по вчерашнему задержанию на Грушевке. Хозяина ночью отпустили, собака ждала его у дома. Собаки — топ!» "
529,Какая прекрасная Весна и наша Президент! 
530,Запись с переломом руки к травматологу через 2.5 недели. К платному - через 10 дней. Москва.
531,"Посмотрите, как прекрасен вечерний Ереван. Не сомневаюсь, что Москва, Санкт-Петербург, Новосибирск, Екатеринбург и другие российские города могут быть такими же прекрасными. "
532,"— Сейчаc бы июль, сильную грозу и большую миску клубники. "
533,"Когда решил погулять, но, выйдя на улицу, обнаружил, что там зима, снег, мороз и холод - и тут же передумал
"
534,"А поверх асфальта еще слой плитки будет? Или ковролином застелят? 
Москва Собянинская! "
535,"все: коты самодостаточные пофигисты и не привязаны к человеку 

моя кошочка: каждую ночь залезает под одеялко между мной и мужем, мурчит и обнимается лапками "
536,Сегодня есть и хорошие новости 
537,о май гад итс корн 
538,"Екатеринбург, Северная Корея:

"
539,"дерево убегает от храма, боясь вырубки. екатеринбург, 2019 год. "
540,Зима начинается с Якутии. Первые ёлки страны зажглись. 
541,"вигу ау в котором днем чонгук обычный студент, а ночью - работник ФБР "
542,лето 2021 в одной фотке 
543,вот и кончился август( 
544,"Москва, Арбат. Немногочисленные оставшиеся людьми россияне. "
545,"Собаки говорят, что попугаи лают с диким акцентом. "
546,"Надо добраться до моря хотя бы раз за лето, значит надо "
547,Вы знали о существовании такой улицы в СПб???  
548,бабуля связала шапочку для собаки  
549,раз вы до сих пор фаваете - вот вам коты 
550,НУ ЧТО ЭТО ЗА САМЫЕ КРАСИВЫЕ КОТЫ НА СВЕТЕ?! 
551,Вы с вашим /3 проведёте тут лето 
552,"последние пять эмодзи без лица, ваше предсказание на октябрь 

"
553,Новосибирск. Прямо сейчас можно сделать что-то очень важное и полезное. Не откладывайте 
554,Мы что серьезно начали 2020 год с этим фанкамом? Теперь понятно почему везде аномально тёплая зима 
555,"имеджн

вы идете на пары в новый универ. последняя сохраненка — ваш новый препод"
556,"Три боевых награды и две нашивки за ранения, одно из которых тяжёлое . 
Мальчик -суворовец , 15 лет. 
Лето 1945 года. "
557,Я ПОСТУПИЛА Я ПОСТУПИЛА БЯЛАХПШВДЛПДВЖА Я ПОСТУПИЛА В УНИВЕР КОТОРЫЙ ОЧЕНЬ ХОТЕЛА Я ПОСТУПИЛА В КИЕВ Я ПОСТУПИЛАААААААА  Я СЕЙЧАС ЗАРЫДАЮ Я ПОСТУПИЛААААААААААА ПЛВЛВЛПЛЛВОВРВЛУДПДЛАЛА 
558,"Задумалась, а с чего это вдруг мне внезапно начало нравиться лето как сезон, а потом такая типа ах да я же вылечила депрессию "
559,"первое появление holt international — десятый выпуск красной фурии

руководитель компании — август ван дер хольт "
560,гороскоп для знаков зодиака на февраль. 
561,"Октябрь наступает, я: "
562,"Екатеринбург, спасибо большое всем, кто пришёл. Это был мощнейший заряд воодушевления "
563,гороскоп для знаков зодиака на январь. 
564,"Коты греют трубы, чтобы людям в квартирах было тепло "
565,"Кошки — невероятно умные, грациозные и изящные животные. Другое дело коты "
566,"я всю зиму: ВЕСНА БУДЕТ ПРЕКРАСНОЙ! весна будет очень хорошей я обещаю! НАМ БУДЕТ ТАК ВЕСЕЛО!

тоже я, буквально всю весну: "
567,Весна пришла - коты прилетели! 
568,"думаете завести кота? коты - это конечно замечательно, но по весне вас ждёт прикол. "
569,Весна пришла - коты прилетели! 
570,не построили еще ту высокую колокольню которая будет достойна моего высокомерного плевка на мой универ
571,"А помните смартфон такой прикольный был, кажется, Note 8 назывался. Но это не точно."
572,Отправил в Екатеринбург своего личного фотографа и теперь не знаю где брать личные фотографии :( 
573,"Никогда не понимала людей, которые покупают качественный смартфон-андроид, когда можно купить точно такой же Айфон (ну может чуть хуже) в несколько раз дороже."
574,"Все: идеального мода не существует

Екатеринбург: подержи моё пиво "
575,"Голикова: Самолет МЧС с медицинскими специалистами отправится в Казань.

А что у нас за уровень медицины, если в Казани нет своих специалистов??"
576,"Фейсбук напомнил, что три года назад я снял одно из своих лучших фото на рейсе Екатеринбург-Москва "
577,"москва 
миллиард раз               регионы 
прочитавшая
кроссовер "
578,"Помните был июнь?
Да, классное было время..."
579,"СССР - это была сверхдержава. Потому что сверхдержава - это когда в КОСМОС запускают ""БУРАН"", а не в ПРОДАЖУ новый смартфон. "
580,"Весна – это такое время года, когда очень хорошо начинать что-то новое... 
                                        Х. Мураками "
581,"Посмотрите что несут новости на Первом для ватных мозгов....
Какое счастье не жить при этом идиотизме.... "
582,"— А дальше что?
— A дальше осень "
583,наткнулась на афишу одного фестиваля в спб 
584,"  фото кота ждём завтра 

Надеюсь это не продуманный троллинг с длинной дистанцией, чтобы прислать в итоге пипку вместо собаки"
585,"ТЫКВА НА ДВОИХ

Ещё раз спасибо всем, кто приносит в Зоопарк урожай со своих огородов. Посмотрите, как реагируют на тыкву наши степные коты. "
586,"2017: 
Январь: Cиний кит; 
Февраль: Диана Шурыгина; 
Март: Между нами тает лед. 
Апрель: пятнадцатыйгод 
Продолжаем деградировать дальше"
587,"и ленин такой молодой и юный
октябрь впереди "
588,"Осторожно, добрые собаки – зализывают насмерть. "
589,"лето так быстро пролетает, потому что Великое колено написал в своём нике: ""ну когда же осень""
"
590,"А мы в это время всем миром собираем деньги для двух маленьких парней, чтоб они выжили 
Марк Краснодар: 

Костя Екатеринбург:  "
591,"Понедельник, вторник, среда. Апрель, май, июнь. 1924, 1925, 1926. Это называется жить.

Жан-Поль Сартр ""Тошнота"""
592,скучающий студент это угроза всему миру
593,"Рэпер Гнойный приехав в гости назвал Екатеринбург «Столицей СПИДа». Город вежливо промолчал, но понял, что Гнойный- действительно, гнойный..."
594,это должно было быть что-то на подобии студент ау .... 
595,"Керчь затопило. Губернатор Аксенов решил, что уровень воды снизится, если пробить дно. Поэтому люди плывут позади лодки с чиновниками, как собаки. "
596,"

Газпром отказался бронировать прерываемую транзитную мощность через Украину на август"
597,"Кому вообще может прийти в голову садить на диету и без того маленькую собачку? Очевидно, автору этого видео. Реакция собаки бесценна "
598,"""иконически кринж пара"" и ""большие сиськи"" – новости которые мы заслуживаем "
599,"Эволюция лесбиянок
Март 2020/ноябрь2020 "
600,"— А сегодня что?
— А сегодня октябрь "
601,"зима 

искать нормальную зимнюю куртку "
602,В СПб пропал человек! РТ плз. 
603, Вот реально Москва с Питером и остальная Россия - 2 разных страны
604,"СПБ ПОЖАЛУЙСТА ПОМОГИТЕ МНЕ СПАСТИ СВИТА, МОЕГО КОТА (перезалить) "
605,Дональд Трамп и Леня Голубков (слева) на каком-то фуршете. Москва. Россия. 1996 г. 
606,Москва движется к Лубянке! 
607,"Да-да, вот прямо так по-русски и написали: «нам хана»! РИА Новости уж окончательно заврались "
608,На осень ничего не планируйте.Мы нападаем на украину. Декабрь тоже не занимайте-бум делить Польшу. До НГ Россия будет занята)
609," не скажу за всех, но в центральной части россии (питер, москва, по большей части) побит рекорд по максимальной температуре 
и это действительно ощущается "
610,"последние пять эмодзи без лица, ваше предсказание на июль

"
611,ладно.... но это студент годжо 
612,Жесть девочки мне пришлось прифотошопить Сокджину на моем юпе шарф а то ВЫ ВООБЩЕ ВИДЕЛА ВО ЧТО ОН БЫЛ ОДЕТ АЛО ЗИМА НА ДВОРЕ ЕЩЕ И БЕЗ ШАПКИ ХОДИТ 
613,"В смысле.... В смысле через 8 дней весна.... В СМЫСЛЕ ВЕСНА, КАК ТАК ПОЛУЧИЛОСЬ"
614,"все: КАК дёма может носить кеды ЗИМОЙ???
суровая одесская зима: "
615," От армии можно откупиться, поступить в универ, вариантов полно. Хотелось бы так же просто отделаться от насильников."
616,"Наступила зима. В японском твиттере выкладывают Пом Пом Пурина, выложенного из опавшей листвы... "
617,"Некоторые коты спят на вещах хозяев, потому что им нравится родной запах. но большинство просто потому что пошел ты"
618,"Ну что, октябрь кончился... А ну признавайтесь у вас получилось feel in love in october?"
619,"Не могу поверить, что за окном 6 июня. Это какая-то грандиозная мистификация. Сейчас апрель."
620,А в понедельник весна... 
621,Новосибирск единогласно. Группа избирателей из 739 человек выдвинула Навального Алексея Анатольевича кандидатом в президенты России. 
622,"А вот и огненное расписание новинок на октябрь! Какую из них вы ждёте больше всего и почему? 

Сохраняйте картинку и ждите выпуска  "
623,"так падажжите уже лето кончается а михоё говорили что дадут летом возможность игрокам вне китаесервера получить кфс планер
КАКОГО."
624,через месяц сентябрь мб если попросить бога он выключит 30 градусов 
625,не знала что октябрь месяц гордости геев 
626,"Зима: Давайте уже после нового года. 
Весна: Давайте уже после майских. 
Лето: Давайте уже после отпуска. 
Осень: … А вы Хэллоуин отмечаете?"
627,"Зима: Давайте уже после нового года. 
Весна: Давайте уже после майских. 
Лето: Давайте уже после отпуска. 
Осень: … А вы Хэллоуин отмечаете?"
628,"Зима: Давайте уже после нового года. 
Весна: Давайте уже после майских. 
Лето: Давайте уже после отпуска. 
Осень: … А вы Хэллоуин отмечаете?"
629,"Это я смотрю, как везде в срочном порядке закрывают школы и детские сады из-за эпидемии, пока мой клоунский универ ждёт гибели человечества и второго пришествия Христа. "
630,Весна в Норвегии выглядит как нечто фантастическое 
631,"Зима: Давайте уже после нового года. 
Весна: Давайте уже после майских. 
Лето: Давайте уже после отпуска. 
Осень: … А вы Хэллоуин отмечаете?"
632,За август золотовалютные резервы Беларуси потеряли $1.4 миллиарда (16%) 
633,"Олег который не Олег

вас дикие собаки недавно не кусали? воды не боитесь? "
634,"pt.248

я знаю, что на фотографиях получается осень но:(((( я еще с самого начала аушки планировала это, так что вот!!! "
635,"Коты Анатолий, Тихон и Роман временно переименованы. Сегодня их зовут Борис Вишневский, Борис Вишневский и, соответственно, Борис Вишневский."
636,"У кошки Болейн, у собаки Болейн, а у Анюты не Болейн. И вы тоже не болейньте, пжалуйста "
637,"""Четыре танкиcтa и coбака"" , 50 лет спустя
Трое и без собаки...

А кто помнит, как звали собаку в этом фильме? "
638,вигу ау в которой чонгук подумал что тэхен бедный студент 
639,"Ваш школьный спортзал, который залит солнечным светом. За окном май, физра последним уроком, а дальше каникулы…
Я прям чувствую этот запах в зале "
640,"Тупыми, голодными и больными управлять легче. 
На содержание караульной собаки тратят 4500 в месяц. Детское пособие 50 руб.. "
641,"СПАСИБО, ЕКАТЕРИНБУРГ! ДАВНЕНЬКО У ВАС ТАКОГО НЕ БЫЛО. ВЫ КРУТЫЕ "
642,"Больше оптимизма!
Вирус будет разгромлен!
Правительство нас не оставит!
На дворе - весна!"
643,"кто-то: как проходит эта осень?

моя осень на двух кадрах: "
644,март 2018: баттлы баттлить ментор баттлеры баттлрэп фб баттл 
645,"Глава дома Харконен обьясняет Лето Атрейдесу, что его дом падет "
646,Какая чудесная поздняя осень в этом октябре. Так и шепчет вскрыться.
647,"На Новый год подарил маме андроид-смартфон вместо обычного телефона. Ничего не изменилось, но мама теперь иногда присылает SMS «Я на совещании»"
648, а я замерзший голодный студент мне тоже нужна еда
649,"Тот редкий случай, когда координатора не арестовали, и он идёт с протестующими за свободу Алексея Навального. Екатеринбург — особенный город, там очень-очень много протестующих! "
650,"Xiaomi, тем временем, анонсировала очередной смартфон. Если Xiaomi не будет каждую неделю анонсировать новый смартфон у них лопнет Xiaomi."
651,Февраль 2021// Ноябрь 2021 
652,"Фонтан Дружбы Народов , Москва, Россия "
653,"Я ДУМАЛА ВСЁ ЕЩЕ АПРЕЛЬ А УЖЕ МАЙ ВТОРОЕ ЧИСЛО

Я ПРОПУСТИЛА ПЕРВОЕ МАЯ ВТФ ВРЕМЯ ТЫ ТАМ ВООБЩЕ НОРМ?"
654,"Лукашенко предположил, что короной можно лечить рак, потому что меньше белорусов заболело им за последний год.

Нет, мы не выдумываем сегодняшние новости "
655,"ХРОНИКИ ЭНЕРГЕТИЧЕСКОЙ СВЕРХДЕРЖАВЫ: 

Вот такую щедрую субсидию выделило Российское государство, вставшее с колен, пенсионерке на оплату ЖКХ за август во Владивостоке: "
656,популярное мнение: коты божественны
657,"Мама позвонила и сказала одеваться теплее, ведь НЕ МАЙ МЕСЯЦ НА ДВОРЕ)))))))"
658,представляете сколько вони было бы ведь как так!! так далеко!! а как же наши незаменимые москва и питер!!
659,Когда коты и собаки уже реально поднадоели и хочется чего-то нового 
660," Январь: война
Февраль: чума
Март: голод
Апрель:"
661,я доверю хоби что угодно  кроме своей собаки  
662,АХВХАХХВХВА МНЕ ПОДРУГА СКАЗАЛА ЧТО ЗАВТРА СЕНТЯБРЬ ВОТ СМЕШНАЯ
663,"почему год выглядит как-то так:
.                    январь
     декабрь               февраль
ноябрь                                  март
 октябрь                          апрель
     сентябрь                 май
            август            июнь
                         июль"
664,"почему год выглядит как-то так:
.                    январь
     декабрь               февраль
ноябрь                                  март
 октябрь                          апрель
     сентябрь                 май
            август            июнь
                         июль"
665,"почему год выглядит как-то так:
.                    январь
     декабрь               февраль
ноябрь                                  март
 октябрь                          апрель
     сентябрь                 май
            август            июнь
                         июль"
666,1000 ФАВОВ И Я ИДУ В ПОЛНОМ КОСПЛЕЕ НАРУТО В УНИВЕР 
667,"Вы говорите “прошу прощения”, проходя мимо своего кота или собаки, или вы грубый человек?"
668, в тоже время мой универ 
669,Зима в Нью-Йорке - это красиво 
670,шеф из кухни май белавд
671,"Собянин заявил о нежелании вводить в Москву войска.
Во как! Пока деда закрыли в бункере мера Москвы назначили лицом хунты? Очень август 1991-го напоминает..."
672,просто напоминаю что екатеринбург реально существует 
673,"Эта чиновница хочет привлечь мать 11-летней девочки, которую каратели схватили на акции в Петербурге, к уголовной ответственности. 
/- самка собаки/ "
674,ура накрашенные мужики в правительстве замечательные новости для женщин никогда такого не было и вот опять 
675,вот бы сейчас вернуться в то прекрасное лето 
676,"Пуски ракет за июнь 2020:
* SpaceX - 3
* КНР - 3
* Новая Зеландия - 1
* Россия - 0"
677,"хёнджин:
- уже октябрь 
- 
- 

… мы точно не переживем aotm"
678,"Проект мечты!

Вылетаю в Екатеринбург, вдруг кто-нибудь опередит и распишет её раньше меня. "
679,"я помню февраль, март ещё какой-то месяц и сейчас уже август"
680,"Гороскоп для знаков зодиака на июль
*не забудьте проверить восходящий знак зодиака (натальная карта). "
681,"Москва и пригороды, не стоните!!! У нас каждую зиму так))) "
682,"""Не дай бог получить украинский паспорт и стать частью такого народа"" — африканский студент, который учится в медуниверситете Запорожья, раскритиковал ""мовный закон"". "
683,"Каждую осень в Беларуси проводится фестиваль Дожинки, но только в этом году он будет так называться в честь тех, кто дожил"
684,Ищу любовь всей своей жизни чисто на лето
685,"Зима в Эдинбурге

Ну это просто вау "
686,из дома поступили следующие новости: А 
687,кто сейчас в дьюти фри покупает духи «Красная Москва» потому что других там и нет
688,февраль будет отличным месяцем.
689,"Москва. Красная площадь.
104-я годовщина Великой Октябрьской социалистической революции.
7 ноября 2021 г. "
690, Июль: «Все у кого есть белая одежда теперь официально врачи!»
691,только представьте как было бы прикольно если бы коты были прямоходящими
692,В Мск и Спб на концертах будет 
693,Трогательные дружеские отношения полярного медвежонка и собаки 
694,Вот бы проснуться завтра на даче летом. А за окном июль... 
695,почему вместо июня не может быть ещё один апрель?(
696,Считаю несправедливым что толстые коты милые и их любят а толстые люди не очень и их не всегда любят считаю что мир должен погрузиться в одну из крайностей
697,Наступило лето теперь можно хвастаться своими татухами 
698,"Девочки, мне триллионы грантов за июль всё ещё не пришли, у госдепа телефон не изменился, не знаете? "
699,Украшаю универ своим отсутствием.
700,"[] Официальный аккаунт участников -  
Официальный аккаунт группы -  
Официальный японский аккаунт группы -  
Официальный аккаунт BigHitEnt -  
Расписание на октябрь-ноябрь: "
701,"Очередное доказательство, что коты - это жидкость "
702,Скоро в Казань поеду порядок наводить
703,"снс!ау по кэйлюкам

однажды кэйа, обычный студент из нью-йорка, просыпается в мире тейвата

кв: маты, алкоголь "
704,"Вчера сдали номер, сегодня уже прыг в самолет.  пока-пока Москва. "
705,алтан с утра помыл голову и сидит перед завтраком читает недельные новости под моргенштерна 
706,Хаски – это не собака Сатаны. Это сам Сатана в костюме собаки. 
707,"Челябинский студент наложил на фотографии обычных серых многоэтажек цветочные паттерны, чтобы «сделать обыденную Россию краше»  "
708,"~ Москва, добро пожаловать в Техас)0)
 "
709,Готов поделиться с вами главным своим достижением в 2020 году. Май 2020-Декабрь 2020. 
710,"редрав детей потому что the time has come 

2019 (март?) / 2020 (июнь) "
711,"редрав детей потому что the time has come 

2019 (март?) / 2020 (июнь) "
712,"в спб согласовали митинг в поддержку сестер хачатурян, он пройдет на площади ленина 27 июля, на него очень важно прийти."
713,Этот тизер настолько тёплый что я забыла что сейчас зима
714,"Весна только началась, а у сумасшедших уже обострение. "
715,Я сделал куклу вуду своей собаки только для того чтобы не прекращать чесать ей пузико пока я на работе
716,Хокку : Послали меня за саке. В подъезде разбил два сосуда. Самка собаки теперь я.
717, Я сегодня по телевизору слышала подводку к этой новости: форум призван осмыслить место прекрасного пола в новом мире
718,Друзья! Давайте обсудим что лучше Москва или Санкт-Петербург
719,"27 апреля.
Москва.
Снег."
720,"Всё к тому и шло. Теперь следователи допрашивают котов! 

Коты, впрочем, берут 51 ст. конституции "
721,"Гороскоп на август
*не забудьте проверить восходящий знак зодиака (натальная карта). "
722,"Ну, что будете писать в сочинении о том, как провели лето?"
723,"Ну всё, осень замечательная получилась, спасибо.
Скоро лето?"
724,Июнь на дворе. Эпидемия идёт на спад. Назначены парад и голосование. Так зачем же бросать военных для срочного строительства госпиталя? 
725,"Ну всё, осень замечательная получилась, спасибо.
Скоро лето?"
726,"Люди в России - как собаки, всё понимают, только сказать ничего не могут..."
727,Скажем так сложное лето выдалось для курортов Краснодарского края
728,зачем я пришла в универ боже 
729,"Ровно два года назад, сентябрь 2019 года. 

Как же мы тогда были правы. "
730,"Читая новости про архивы у меня создаётся впечатление, что мы сильно недооцениваем масштаб советских репрессий"
731,последние 3 эмодзи без лица – то как вы проведёте свой август
732,Это ко мне подкрадывается август 
733,"Японская весна!

Снято в префектуре Ямагути, место Hagi Shimato (  )

Фотограф  "
734,"извините левые, но знаете, после такой новости хочется очень любить капитализм"
735,НА МОИХ ПОДРУГ В СПБ СОВЕРШЕНО НАПАДЕНИЕ! РТ! 
736,Невероятные происшествия в женской камере №3 
737,"СССР всегда преследовал только мирные цели! На фото советский танк давит мирный трамвай, преследуя протестующих против коммунистической диктатуры. Прага, август 1968 года "
738,"последние пять эмодзи без лица, ваше предсказание на июнь

   "
739,"Памфилова сегодня приходит Путину. Для Вас 2 новости, хорошая и плохая. С хорошей. Единая Россия выиграла. А плохая? За неё никто не проголосовал"
740,"2в1: фельдшера + воры!
Москва. Так  бригада скорой оказывает ""помощь"" больному пенсионеру.. "
741,"Приехал в Новосибирск и не знаю, как конкурировать с местными комиками "
742,"- Товариш  лейтенант, а дозвольте...
- Товарища лейтенанта в дальней посадке собаки доедают.
- Вибачаюсь, пане лейтенант....."
743,Прикиньте.... А лето то реально всего через 3 месяца....
744,"  Пока я писала один фанфик я успела закончить школу и универ, а он все еще недописан..."
745,12. Забавная особенность нашей собаки: ненавидит слова на букву Ч. 
746,"Это Новосибирск.
Люди давят друг друга в борьбе за просрочку.
Идёт 22-й год путинского ""подъёма страны с колен"". "
747,я мечтаю о настоящей собаке: чтобы бегала и виляла хвостиком. а пока собаки только люди.
748," Мальчик: *заряжает смартфон*
Мужчина: *заряжает ружьё*
Дед: *заряжает воду* "
749,"Я с пачкой на кухне стою общежития,
Читаю: «Варить пять минут после всплытия».
Закончился август, январь, скоро май.
Никак не всплывают "
750,"Боже, когда там уже лето "
751,насколько быстро вы бы отчислились если бы ваш универ сделал это 
752,"[33]

новый день новые возможности тэхён собрался в универ а у чонгука всё еще краш вы же помните да? "
753,это март 2020 и 2021 
754,Как быстро растут чужие коты
755,Давайте честно. Кто-нибудь Хотя бы Открывал список литературы на лето?
756,"В перечень недружественных к России государств вошла Москва 

"
757,10 фотография - ваше лето
758, Москва ввела QR-коды для приезжих из России 
759,"Тридцатилетние сейчас – думают, кем станут когда вырастут. Тридцатилетние в совке – поют песни про осень жизни и думают о пенсии. "
760,"Люди в марте: ну, хуже уже не будет

Апрель: "
761,"весна — пора любви.

но мне пора бы выпить"
762,"Апдейт: поменяла аэропорт, перелёт теперь через Москву. В общей сложности 20 часов дороги. 

Ну, Новосибирск... Погоди! "
763,"Болгары восхитились РИА “Новости”, но попросили уже оставить их в покое "
764,бан чан это самая уютная осень и самое нежное тепло 
765,"Разведчик Витя Поздняков, за рейды в тыл врага награжден медалью За отвагу. СССР. Апрель 1943 г. "
766,"Угадайте смартфон. Флагман, дата выхода 2018-ый год. "
767,"Думаете, это кадр из американского сериала «Чернобыль»? Как-бы не так! Это из российской жизни в Северодвинске, август 2019: "
768,"у фурудате за историю хайкью, конечно, было много гэлэкси-брейн идей, но отправка яку в екатеринбург не сравнится Ни С Чем"
769,"Монумент «ПРОЩАНИЕ
СЛАВЯНКИ»   
Белорусский вокзал. Москва. "
770,"Екатеринбург. Второй день люди выходят за право быть гражданами. Они просто хотят, чтобы власть хоть иногда их слушала и слышала.  "
771,"Пионерка Аня Политковская. 6-й класс школы №33. Москва, 1971 год. Сегодня годовщина её убийства. "
772,простите но меня вырастили одичавшие собаки с помойки и симпатию я умею выражать только проявляя по отношению к вам необоснованную физическую агрессию
773," Если Москва и Питер объединяться как города, вся остальная Россия схлопнется"
774,"Москва украла у Лондона секреты изобретения гиперзвуковых ракет, которые изобретут в Британии через несколько лет."
775,сережа разумовский очень изменился за лето 
776,любимая песня Серёжи в юности это СЕНТЯБРЬ ГОРИТ
777,"Фемки: зимой идёт снег, потому что это зима.
патриархалы: 
А ПРУФЫ ПРУФЫ БУДУТ?!"
778,"Арт-группа «Явь»
СПб, Литейный пр. 37-39
 "
779,не понимаю как можно не любить осень пальто это типа +100 к сексуальности
780,август какой-то уже не август
781,Новости эскваер как на подбор всегда 
782,"олег волков и сережа разумовский на балконе своей съемной квартиры, осень две тысячи шестого года, снято неизвестной прохожей "
783,Иосиф Кобзон (1937-2018) выводит женщину и троих детей из захваченного чеченскими террористами здания на Дубровке. Москва. 24 октября 2002 г. 
784,Всегда выгляжу так как будто вышел погулять с собакой. Но у меня нет собаки.
785,"Детские вагоны в двухэтажных поездах РЖД, которые курсируют по маршруту Москва – Воронеж. "
786,Я поступил в универ Капилано в Ванкувере  
787,Корейские коты на 2000 ретвитов 
788,"я не думаю о том, как пережить осень, я думаю о том, как пережить зиму"
789,"Доброе утро, друзья! Чудесного дня, Вам! И самого прекрасного пятничного вечера 
А в Абакане наконец-то лето Как вовремя пришло моё платьице "
790,"разрушая монд, альбедо на могиле дайнслефа стоит, смеется громко: ТСИС ИС МАЙ ПЕРФЕКТ ВИКТОРИ ТЗЕТС РАЙТ АЙЭМ ВИИИИИИИН"
791,"Новосибирск, конечно, очень крутой!

Свободу Алексею Навальному! "
792,"Ученые подозревают, что коты это жидкость "
793,"Студент медик сказал что моя бессонница обоснована чрезмерной мозговой активностью
Ахах
Вы слышали
Мозговой
Смешно"
794,зима в маленьких женщин это восьмое чудо света 
795,"Для кого-то «Происшествия», а для кого-то будничные будни. "
796,"Я НЕНАВИЖУ ЭТОТ УНИВЕР 

Я ПОВЕРИТЬ НЕ МОГУ ЧТО У КОГО-ТО ДРОГНУЛА РУКА УБРАТЬ АЙКАРЛИ С ОБОЕВ "
797,Московская мэрия выпустила каталог тротуарной плитки сезона весна-лето 2021
798,Весна прийшла саджати будемо... Коломойського. 
799,Март очень непростой месяц для всех нас  
